F_NameF,L_NameF,EmailF
Lois,Thomas,lthomas0@archive.org
Maria,Rose,mrose1@bandcamp.com
Helen,Richards,hrichards2@t-online.de
Robin,Patterson,rpatterson3@youku.com
Nicole,Ross,nross4@yolasite.com
Janice,Ramos,jramos5@earthlink.net
Steve,Barnes,sbarnes6@bizjournals.com
Linda,Martinez,lmartinez7@myspace.com
Raymond,Knight,rknight8@is.gd
Craig,Reynolds,creynolds9@nps.gov
Nancy,Cole,ncolea@tinypic.com
Katherine,Fernandez,kfernandezb@wisc.edu
Harold,Lewis,hlewisc@amazon.com
Phillip,Rivera,priverad@ocn.ne.jp
Norma,Gray,ngraye@reddit.com
Adam,Nelson,anelsonf@cisco.com
Robert,Jacobs,rjacobsg@ucoz.ru
Benjamin,Stewart,bstewarth@live.com
Jack,Adams,jadamsi@ibm.com
Bonnie,Bowman,bbowmanj@harvard.edu
Ralph,Hughes,rhughesk@archive.org
Gary,Gray,ggrayl@cyberchimps.com
Phillip,Fisher,pfisherm@scientificamerican.com
Lawrence,Perry,lperryn@mapquest.com
Matthew,Harris,mharriso@ca.gov
Anthony,Gonzalez,agonzalezp@imdb.com
Russell,Fowler,rfowlerq@wunderground.com
Samuel,Sims,ssimsr@techcrunch.com
Adam,Diaz,adiazs@vinaora.com
Carlos,Williamson,cwilliamsont@cafepress.com
Diane,Ramirez,dramirezu@multiply.com
Kathy,Bell,kbellv@pen.io
Brian,Hawkins,bhawkinsw@dmoz.org
Roger,Campbell,rcampbellx@dyndns.org
Jennifer,Romero,jromeroy@eventbrite.com
Nicole,Hill,nhillz@harvard.edu
Rose,Willis,rwillis10@imgur.com
Brenda,Andrews,bandrews11@tinyurl.com
Mary,Arnold,marnold12@cyberchimps.com
Alice,Perry,aperry13@symantec.com
Juan,Harris,jharris14@usgs.gov
Louis,Gutierrez,lgutierrez15@fc2.com
Timothy,Kelley,tkelley16@liveinternet.ru
Brian,Payne,bpayne17@discuz.net
Philip,Rogers,progers18@4shared.com
Mary,Black,mblack19@dedecms.com
Dennis,Hamilton,dhamilton1a@jimdo.com
Alice,Taylor,ataylor1b@washingtonpost.com
Raymond,Turner,rturner1c@pen.io
Gloria,Warren,gwarren1d@goo.ne.jp
Stephanie,Evans,sevans1e@gnu.org
Julia,Morgan,jmorgan1f@nyu.edu
Ruby,Rogers,rrogers1g@nps.gov
Albert,Hansen,ahansen1h@twitpic.com
Robin,Dunn,rdunn1i@google.cn
Angela,Reynolds,areynolds1j@europa.eu
Joan,Clark,jclark1k@buzzfeed.com
Jack,Cole,jcole1l@delicious.com
Clarence,Dean,cdean1m@utexas.edu
Amy,Bailey,abailey1n@gravatar.com
Timothy,Crawford,tcrawford1o@bloglines.com
Ernest,Edwards,eedwards1p@who.int
Alice,Bell,abell1q@weebly.com
Martha,Peters,mpeters1r@virginia.edu
Virginia,Hansen,vhansen1s@seattletimes.com
Steven,Stone,sstone1t@cafepress.com
Martha,Henderson,mhenderson1u@adobe.com
Roy,Nguyen,rnguyen1v@prweb.com
Thomas,Shaw,tshaw1w@businesswire.com
Anthony,Fisher,afisher1x@msu.edu
Dorothy,Lee,dlee1y@bloomberg.com
Joan,Ross,jross1z@youtube.com
Amy,Alexander,aalexander20@disqus.com
Jonathan,Willis,jwillis21@geocities.com
Jonathan,Bowman,jbowman22@yolasite.com
Aaron,Hart,ahart23@bizjournals.com
Mary,Tucker,mtucker24@examiner.com
Ronald,Wagner,rwagner25@dailymotion.com
Raymond,Murray,rmurray26@forbes.com
Shawn,Knight,sknight27@deviantart.com
Harold,Hunter,hhunter28@jiathis.com
Michelle,Turner,mturner29@loc.gov
Melissa,Gray,mgray2a@unicef.org
Diana,Cooper,dcooper2b@csmonitor.com
Martha,Hudson,mhudson2c@csmonitor.com
Roger,Gonzalez,rgonzalez2d@army.mil
Betty,Fox,bfox2e@jalbum.net
Eric,Duncan,eduncan2f@craigslist.org
Brandon,Arnold,barnold2g@illinois.edu
Walter,Fields,wfields2h@dion.ne.jp
Brian,Grant,bgrant2i@booking.com
Sarah,Berry,sberry2j@omniture.com
Andrew,Arnold,aarnold2k@friendfeed.com
Bobby,Welch,bwelch2l@friendfeed.com
Jack,Stanley,jstanley2m@bbb.org
Douglas,Simmons,dsimmons2n@hp.com
Phillip,Powell,ppowell2o@gizmodo.com
Martha,Campbell,mcampbell2p@sfgate.com
Henry,Rogers,hrogers2q@yellowpages.com
Heather,Ford,hford2r@yahoo.co.jp
Lisa,Frazier,lfrazier2s@i2i.jp
Brian,Arnold,barnold2t@ycombinator.com
Christina,Campbell,ccampbell2u@yellowpages.com
Julie,Palmer,jpalmer2v@icio.us
Chris,Young,cyoung2w@bigcartel.com
Theresa,Wagner,twagner2x@youtube.com
Roy,Barnes,rbarnes2y@admin.ch
Edward,Smith,esmith2z@bloomberg.com
Lillian,Cruz,lcruz30@google.co.jp
Louis,Warren,lwarren31@weebly.com
Amanda,Nichols,anichols32@time.com
Lillian,Morris,lmorris33@4shared.com
Rose,Cox,rcox34@msn.com
Daniel,Gomez,dgomez35@unblog.fr
Marie,Wright,mwright36@pen.io
Sarah,Fields,sfields37@acquirethisname.com
Ruby,Hamilton,rhamilton38@wordpress.org
Julie,Ramirez,jramirez39@bizjournals.com
Ruth,Kennedy,rkennedy3a@bluehost.com
Marilyn,Gutierrez,mgutierrez3b@1und1.de
Rose,Stephens,rstephens3c@skype.com
Lisa,Foster,lfoster3d@hostgator.com
Kathleen,Gonzales,kgonzales3e@whitehouse.gov
Nicole,Woods,nwoods3f@123-reg.co.uk
Ruby,Stanley,rstanley3g@imdb.com
Mildred,Kelly,mkelly3h@telegraph.co.uk
Nicole,Hunter,nhunter3i@usa.gov
Judy,Lopez,jlopez3j@bravesites.com
Amy,Tucker,atucker3k@baidu.com
Alice,Myers,amyers3l@marketwatch.com
Tammy,Medina,tmedina3m@businessweek.com
Joseph,Black,jblack3n@google.ru
Anne,Howard,ahoward3o@vimeo.com
Craig,Perry,cperry3p@cornell.edu
Denise,Lopez,dlopez3q@cnbc.com
Billy,Flores,bflores3r@macromedia.com
Frank,Castillo,fcastillo3s@hostgator.com
Wanda,Flores,wflores3t@ycombinator.com
Sara,Burns,sburns3u@tinypic.com
Joe,Vasquez,jvasquez3v@census.gov
Lillian,Bryant,lbryant3w@pagesperso-orange.fr
Roger,Snyder,rsnyder3x@delicious.com
Paul,Scott,pscott3y@goodreads.com
Bobby,Richards,brichards3z@marketwatch.com
Henry,Lewis,hlewis40@hibu.com
Jimmy,Thompson,jthompson41@ca.gov
Jesse,Freeman,jfreeman42@google.com.br
Jason,Lopez,jlopez43@vk.com
Evelyn,Ross,eross44@tinyurl.com
Jeremy,Richardson,jrichardson45@census.gov
Christina,Ramos,cramos46@1und1.de
Keith,Frazier,kfrazier47@studiopress.com
Eric,Tucker,etucker48@nyu.edu
Cheryl,Burton,cburton49@bloglovin.com
Chris,Burke,cburke4a@businesswire.com
Brenda,Elliott,belliott4b@posterous.com
Annie,Evans,aevans4c@census.gov
Steve,Campbell,scampbell4d@people.com.cn
Harry,Reyes,hreyes4e@unesco.org
Joyce,Kim,jkim4f@cdbaby.com
Peter,Stevens,pstevens4g@washington.edu
Matthew,Rodriguez,mrodriguez4h@google.com
Shirley,Young,syoung4i@about.com
Jose,Butler,jbutler4j@nhs.uk
James,Morgan,jmorgan4k@feedburner.com
Mark,Kim,mkim4l@nsw.gov.au
Anna,Turner,aturner4m@foxnews.com
Cheryl,Garrett,cgarrett4n@phoca.cz
Paul,Simmons,psimmons4o@deliciousdays.com
Victor,Cole,vcole4p@hostgator.com
Betty,Perry,bperry4q@is.gd
Joan,Gonzalez,jgonzalez4r@hubpages.com
Lori,Ortiz,lortiz4s@diigo.com
Janice,Thompson,jthompson4t@unc.edu
Katherine,Wagner,kwagner4u@cnbc.com
Tina,Kim,tkim4v@statcounter.com
Michael,Armstrong,marmstrong4w@springer.com
Adam,Carter,acarter4x@blogs.com
Ryan,Johnson,rjohnson4y@seesaa.net
Laura,Rose,lrose4z@google.cn
Marilyn,Henderson,mhenderson50@ca.gov
Henry,Mcdonald,hmcdonald51@theglobeandmail.com
Anthony,Greene,agreene52@va.gov
Cheryl,Ramirez,cramirez53@google.com.br
Sarah,Crawford,scrawford54@51.la
Fred,Alvarez,falvarez55@etsy.com
Aaron,Patterson,apatterson56@usda.gov
Gregory,Berry,gberry57@imdb.com
Jeremy,Lopez,jlopez58@hc360.com
Lois,Ward,lward59@netscape.com
Steve,Bell,sbell5a@tinyurl.com
Timothy,Little,tlittle5b@ucoz.ru
Martin,Knight,mknight5c@unicef.org
Elizabeth,Warren,ewarren5d@exblog.jp
Donna,Andrews,dandrews5e@live.com
Paul,Morgan,pmorgan5f@jigsy.com
Larry,Greene,lgreene5g@narod.ru
Charles,Harris,charris5h@washingtonpost.com
Michelle,Frazier,mfrazier5i@sina.com.cn
Ernest,Wood,ewood5j@prlog.org
