F_Name,L_Name,Email,Grad_Year
Robert,Barnes,rbarnes0@google.co.uk,2002
Virginia,Riley,vriley1@hibu.com,2002
Wanda,Dunn,wdunn2@patch.com,2009
Dennis,Green,dgreen3@people.com.cn,2007
William,Harper,wharper4@sitemeter.com,1996
Jane,Owens,jowens5@dailymail.co.uk,2010
Johnny,Andrews,jandrews6@youtu.be,2011
Billy,Martinez,bmartinez7@marriott.com,1997
Susan,Reynolds,sreynolds8@bbb.org,2010
Phillip,Gilbert,pgilbert9@wikimedia.org,2011
Dorothy,Crawford,dcrawforda@google.ca,1999
Stephen,Reid,sreidb@histats.com,1998
Doris,Carter,dcarterc@fotki.com,2006
Mark,Fuller,mfullerd@guardian.co.uk,2004
Jean,Kelley,jkelleye@shop-pro.jp,2001
Gloria,Bell,gbellf@arizona.edu,2002
Aaron,Schmidt,aschmidtg@umich.edu,2012
Christopher,Hunter,chunterh@deviantart.com,1996
Steve,Carpenter,scarpenteri@purevolume.com,1997
Teresa,Larson,tlarsonj@narod.ru,2012
Craig,Ruiz,cruizk@yale.edu,2007
Mildred,Gordon,mgordonl@ucsd.edu,1998
Catherine,Greene,cgreenem@etsy.com,2005
Sandra,Patterson,spattersonn@cocolog-nifty.com,2003
Jane,Bennett,jbennetto@omniture.com,2002
Matthew,Richardson,mrichardsonp@godaddy.com,1999
Victor,Torres,vtorresq@hc360.com,1995
Eugene,Henry,ehenryr@mayoclinic.com,2012
Nicholas,Lawrence,nlawrences@blog.com,1996
Jeremy,Reynolds,jreynoldst@unblog.fr,2009
Jerry,Hernandez,jhernandezu@multiply.com,1996
Roger,Morales,rmoralesv@unicef.org,2001
Rose,Cunningham,rcunninghamw@miitbeian.gov.cn,2002
Albert,Castillo,acastillox@edublogs.org,1999
Theresa,Harvey,tharveyy@army.mil,2002
Sarah,Richards,srichardsz@answers.com,2010
Robin,West,rwest10@mapy.cz,2008
Ann,Willis,awillis11@example.com,2009
Wayne,Myers,wmyers12@unc.edu,1996
Harry,Phillips,hphillips13@samsung.com,1998
Shawn,Fernandez,sfernandez14@ed.gov,1999
Earl,Elliott,eelliott15@timesonline.co.uk,2001
Kevin,Payne,kpayne16@scientificamerican.com,2008
Jean,Bowman,jbowman17@goodreads.com,1996
Robert,Morris,rmorris18@yelp.com,2003
Christine,Carr,ccarr19@php.net,2003
Billy,Arnold,barnold1a@dyndns.org,2003
Lillian,Ray,lray1b@over-blog.com,2004
Barbara,Brown,bbrown1c@google.es,1995
Eugene,Harvey,eharvey1d@zdnet.com,2004
Alan,Murray,amurray1e@squidoo.com,2012
Lillian,Watkins,lwatkins1f@webnode.com,1995
Willie,Gonzalez,wgonzalez1g@jugem.jp,2011
Annie,Parker,aparker1h@hao123.com,2011
Cheryl,Foster,cfoster1i@redcross.org,2003
Martha,Gibson,mgibson1j@bizjournals.com,2003
Phillip,Stephens,pstephens1k@mayoclinic.com,2001
Fred,Garrett,fgarrett1l@deviantart.com,2001
Steven,Patterson,spatterson1m@i2i.jp,1998
Anna,Roberts,aroberts1n@sitemeter.com,2009
Sandra,Gomez,sgomez1o@skype.com,1999
Eric,Hernandez,ehernandez1p@pagesperso-orange.fr,2008
Philip,Evans,pevans1q@fc2.com,2008
Dorothy,Hunt,dhunt1r@multiply.com,1997
Karen,Roberts,kroberts1s@youku.com,1995
Laura,Myers,lmyers1t@wisc.edu,2005
Chris,Allen,callen1u@odnoklassniki.ru,2007
Jesse,Ruiz,jruiz1v@ifeng.com,2000
Judy,Collins,jcollins1w@blogger.com,1999
Carol,Parker,cparker1x@github.io,2009
Janice,Day,jday1y@google.ru,2011
Harry,Garza,hgarza1z@mozilla.com,1999
Douglas,Ward,dward20@mac.com,1999
Shirley,Howard,showard21@eepurl.com,2006
Barbara,Richards,brichards22@usgs.gov,1995
Janet,Nguyen,jnguyen23@hc360.com,2007
Nancy,Perez,nperez24@bloomberg.com,2000
Rose,Crawford,rcrawford25@independent.co.uk,2008
Ann,Kim,akim26@aboutads.info,2010
Rebecca,Roberts,rroberts27@discovery.com,2002
Marilyn,Wells,mwells28@google.cn,2012
Ryan,Warren,rwarren29@psu.edu,2011
Dennis,Stephens,dstephens2a@weather.com,1999
Susan,Barnes,sbarnes2b@ask.com,2006
Stephanie,Phillips,sphillips2c@ezinearticles.com,2009
Tina,Reyes,treyes2d@bloomberg.com,1997
Eric,Perez,eperez2e@flavors.me,1999
Lori,Ramos,lramos2f@reverbnation.com,2010
Anthony,Johnston,ajohnston2g@barnesandnoble.com,1997
Carol,Vasquez,cvasquez2h@ihg.com,2001
Cheryl,Meyer,cmeyer2i@nytimes.com,2011
Roger,Sullivan,rsullivan2j@google.com,2002
Jesse,Myers,jmyers2k@patch.com,2003
Bonnie,Mitchell,bmitchell2l@telegraph.co.uk,1997
Raymond,Sullivan,rsullivan2m@slate.com,2004
Lisa,Kelly,lkelly2n@1und1.de,1999
Gregory,Riley,griley2o@issuu.com,1998
Aaron,Ray,aray2p@auda.org.au,2002
Andrew,Powell,apowell2q@unc.edu,1996
Anna,Adams,aadams2r@com.com,1999
Angela,Hudson,ahudson2s@prnewswire.com,2010
Angela,Griffin,agriffin2t@nasa.gov,2001
Louise,Campbell,lcampbell2u@phpbb.com,2004
Samuel,Perry,sperry2v@walmart.com,2007
Nicole,Hansen,nhansen2w@springer.com,2006
Anne,Hudson,ahudson2x@nih.gov,2007
Matthew,Olson,molson2y@qq.com,2008
Susan,Price,sprice2z@upenn.edu,1997
Edward,Lopez,elopez30@nydailynews.com,1996
Phillip,Weaver,pweaver31@gov.uk,2006
Andrea,Hart,ahart32@biblegateway.com,1996
Julie,Cruz,jcruz33@latimes.com,1995
Mildred,James,mjames34@surveymonkey.com,2012
Heather,Nichols,hnichols35@mapy.cz,2010
Joyce,Campbell,jcampbell36@fc2.com,2006
Sharon,Berry,sberry37@google.it,1997
Paul,White,pwhite38@utexas.edu,2000
Donald,Carpenter,dcarpenter39@constantcontact.com,1995
Scott,Hall,shall3a@vistaprint.com,2000
Elizabeth,Castillo,ecastillo3b@mapy.cz,2006
Deborah,Little,dlittle3c@flickr.com,2003
Jean,Richardson,jrichardson3d@senate.gov,2004
Pamela,Austin,paustin3e@google.cn,2004
Betty,Black,bblack3f@thetimes.co.uk,2003
Douglas,Bradley,dbradley3g@free.fr,1999
Albert,Morrison,amorrison3h@wired.com,2006
Shirley,Burke,sburke3i@guardian.co.uk,1997
Lisa,Dean,ldean3j@unblog.fr,2000
Dennis,Matthews,dmatthews3k@webeden.co.uk,2009
Rebecca,Rogers,rrogers3l@surveymonkey.com,1995
Bonnie,Elliott,belliott3m@amazon.de,1999
Gloria,Johnson,gjohnson3n@rakuten.co.jp,2007
Russell,Cole,rcole3o@deviantart.com,2000
Bruce,Ward,bward3p@ibm.com,2001
Gary,Sims,gsims3q@psu.edu,2009
Lawrence,Henderson,lhenderson3r@senate.gov,1998
Marilyn,Hawkins,mhawkins3s@usatoday.com,2010
Timothy,Franklin,tfranklin3t@51.la,2010
Benjamin,Stevens,bstevens3u@sfgate.com,1996
Nicole,Carpenter,ncarpenter3v@angelfire.com,2011
Albert,Porter,aporter3w@cnet.com,2009
Janice,Moreno,jmoreno3x@hc360.com,2004
Sara,Reynolds,sreynolds3y@ameblo.jp,1997
Alice,Jordan,ajordan3z@gmpg.org,2000
Sharon,Berry,sberry40@craigslist.org,2005
Larry,Lopez,llopez41@ebay.com,2008
Brandon,Owens,bowens42@washingtonpost.com,2002
Lillian,Simmons,lsimmons43@omniture.com,2001
Tammy,Reyes,treyes44@yahoo.com,2000
Randy,Martinez,rmartinez45@soup.io,2011
Sara,Wagner,swagner46@gravatar.com,1995
Janice,Austin,jaustin47@japanpost.jp,1998
Rachel,Wheeler,rwheeler48@wikia.com,1998
Norma,Lawson,nlawson49@who.int,2000
Joyce,Vasquez,jvasquez4a@columbia.edu,2008
Jean,Tucker,jtucker4b@plala.or.jp,2012
Jack,Washington,jwashington4c@slashdot.org,2010
Nicholas,Payne,npayne4d@reverbnation.com,2003
Theresa,Elliott,telliott4e@linkedin.com,2011
Billy,Cruz,bcruz4f@chronoengine.com,2011
Sara,Perez,sperez4g@cdbaby.com,2007
Norma,Fowler,nfowler4h@amazonaws.com,2001
Antonio,Henderson,ahenderson4i@woothemes.com,1996
Sharon,Hicks,shicks4j@domainmarket.com,2012
Douglas,Moore,dmoore4k@tuttocitta.it,2009
Jose,Palmer,jpalmer4l@who.int,2007
Aaron,Hawkins,ahawkins4m@aboutads.info,1999
David,Bowman,dbowman4n@about.me,2001
Janice,Gordon,jgordon4o@symantec.com,2005
Maria,Castillo,mcastillo4p@dailymail.co.uk,2001
Jennifer,Miller,jmiller4q@histats.com,2001
Tammy,Nichols,tnichols4r@naver.com,2002
Walter,Wallace,wwallace4s@eepurl.com,2005
Phyllis,Hansen,phansen4t@jigsy.com,2008
Diana,Woods,dwoods4u@squarespace.com,2011
Randy,Little,rlittle4v@dailymotion.com,1999
Douglas,Day,dday4w@nationalgeographic.com,2012
Pamela,Young,pyoung4x@i2i.jp,2002
Kimberly,Bowman,kbowman4y@bigcartel.com,2012
Evelyn,Lawrence,elawrence4z@mediafire.com,1997
Marie,Sims,msims50@baidu.com,2001
Lawrence,Ramos,lramos51@google.ru,2003
Elizabeth,Jordan,ejordan52@latimes.com,1997
Fred,Ellis,fellis53@china.com.cn,2010
William,James,wjames54@soup.io,1996
David,Bennett,dbennett55@google.nl,2009
Steven,Taylor,staylor56@zimbio.com,1999
Bonnie,Mcdonald,bmcdonald57@ovh.net,2012
Carolyn,Mcdonald,cmcdonald58@ca.gov,2002
Patricia,Lynch,plynch59@disqus.com,2006
Melissa,Willis,mwillis5a@discovery.com,2005
Rachel,Dixon,rdixon5b@ox.ac.uk,2008
Gloria,Hall,ghall5c@umn.edu,1995
Kenneth,Martin,kmartin5d@cdc.gov,2002
Jessica,Myers,jmyers5e@narod.ru,2004
Victor,Hayes,vhayes5f@usda.gov,2004
Julie,Fisher,jfisher5g@smh.com.au,2006
Matthew,Jackson,mjackson5h@smh.com.au,2010
Jimmy,Burton,jburton5i@seesaa.net,2001
Marie,Griffin,mgriffin5j@bloglovin.com,1999
Henry,Martinez,hmartinez5k@diigo.com,2006
Patrick,Boyd,pboyd5l@gov.uk,2010
Louis,Gardner,lgardner5m@fastcompany.com,2005
William,Arnold,warnold5n@instagram.com,1999
Michael,Chapman,mchapman5o@mayoclinic.com,2002
Steven,Ferguson,sferguson5p@chron.com,2000
Catherine,Hicks,chicks5q@tuttocitta.it,2003
Sandra,Chapman,schapman5r@berkeley.edu,2000
Carlos,Hudson,chudson5s@woothemes.com,2008
Kelly,Cunningham,kcunningham5t@taobao.com,2012
Willie,Flores,wflores5u@omniture.com,2003
Stephen,Bradley,sbradley5v@flickr.com,1995
Earl,Stone,estone5w@fda.gov,2006
Melissa,Pierce,mpierce5x@a8.net,1999
Frances,Montgomery,fmontgomery5y@surveymonkey.com,2003
Denise,Gomez,dgomez5z@google.cn,1998
Louis,Ramos,lramos60@360.cn,2007
Donna,Lane,dlane61@barnesandnoble.com,1998
Dennis,Burke,dburke62@webnode.com,1998
Timothy,King,tking63@naver.com,2002
Larry,Hawkins,lhawkins64@prnewswire.com,1996
Russell,Montgomery,rmontgomery65@forbes.com,2009
Adam,Banks,abanks66@alibaba.com,2004
Stephanie,Wells,swells67@linkedin.com,2003
Jessica,Crawford,jcrawford68@joomla.org,1997
Joan,Boyd,jboyd69@mashable.com,1995
Emily,Austin,eaustin6a@parallels.com,1998
Katherine,Rodriguez,krodriguez6b@google.com.br,1995
Michelle,Harvey,mharvey6c@imgur.com,2004
Elizabeth,Henry,ehenry6d@123-reg.co.uk,2001
Matthew,Watkins,mwatkins6e@dropbox.com,2010
Antonio,Montgomery,amontgomery6f@icq.com,1999
Tina,Coleman,tcoleman6g@independent.co.uk,2011
Barbara,Kim,bkim6h@1688.com,2009
Christopher,Rose,crose6i@clickbank.net,2003
Brian,Fox,bfox6j@loc.gov,1998
Terry,Cole,tcole6k@acquirethisname.com,2002
Scott,Franklin,sfranklin6l@ucla.edu,2001
Peter,Morrison,pmorrison6m@utexas.edu,2006
Catherine,Thomas,cthomas6n@oaic.gov.au,2005
Dorothy,Hayes,dhayes6o@hao123.com,2006
Betty,Knight,bknight6p@nbcnews.com,1996
Anna,Medina,amedina6q@wordpress.org,2003
Joshua,Dunn,jdunn6r@umn.edu,2002
Sharon,Montgomery,smontgomery6s@parallels.com,2008
Alice,Williamson,awilliamson6t@spotify.com,1995
John,Weaver,jweaver6u@blinklist.com,2007
Ruby,Bowman,rbowman6v@cyberchimps.com,2010
Samuel,Smith,ssmith6w@nasa.gov,2000
Roy,Walker,rwalker6x@wunderground.com,2001
Ashley,Torres,atorres6y@psu.edu,2001
Christine,Schmidt,cschmidt6z@tuttocitta.it,2001
Laura,Wells,lwells70@mysql.com,1999
Anna,Payne,apayne71@google.ca,1996
Clarence,Lane,clane72@domainmarket.com,2006
Helen,Ray,hray73@w3.org,2005
Angela,Moreno,amoreno74@craigslist.org,1998
Frances,Sanchez,fsanchez75@cbsnews.com,1995
Larry,Bennett,lbennett76@flickr.com,2009
Pamela,Kennedy,pkennedy77@php.net,2008
Marie,Clark,mclark78@biglobe.ne.jp,2008
Juan,Cole,jcole79@icq.com,1999
Mark,Diaz,mdiaz7a@mashable.com,2008
Lawrence,Woods,lwoods7b@last.fm,2003
Rachel,Cunningham,rcunningham7c@redcross.org,2002
Donna,Graham,dgraham7d@mysql.com,1998
Samuel,Elliott,selliott7e@buzzfeed.com,2009
Annie,Meyer,ameyer7f@dion.ne.jp,2010
George,Green,ggreen7g@yelp.com,2005
Carl,Wheeler,cwheeler7h@indiegogo.com,2005
Paul,Freeman,pfreeman7i@tiny.cc,2006
Heather,Holmes,hholmes7j@utexas.edu,2004
Janet,Fernandez,jfernandez7k@yellowbook.com,2008
Irene,Rice,irice7l@discuz.net,1998
Margaret,Mendoza,mmendoza7m@cdc.gov,2004
Beverly,Ellis,bellis7n@ehow.com,2009
Lori,Nguyen,lnguyen7o@yandex.ru,2009
Stephen,Foster,sfoster7p@latimes.com,2003
Catherine,Kelley,ckelley7q@hostgator.com,2000
Keith,Carter,kcarter7r@imageshack.us,2005
Shirley,Hunter,shunter7s@dailymail.co.uk,2004
Raymond,Rose,rrose7t@auda.org.au,1998
Craig,Long,clong7u@cbc.ca,2011
Pamela,Fuller,pfuller7v@imdb.com,1996
Julia,Jordan,jjordan7w@liveinternet.ru,2002
Lisa,Perez,lperez7x@free.fr,2005
Christopher,Fernandez,cfernandez7y@vimeo.com,2006
Christopher,Scott,cscott7z@sciencedaily.com,2007
Jacqueline,Boyd,jboyd80@abc.net.au,1995
Joe,Miller,jmiller81@amazon.co.jp,2007
Elizabeth,Simpson,esimpson82@sbwire.com,2011
Michael,Griffin,mgriffin83@state.gov,2004
Lawrence,Dixon,ldixon84@paginegialle.it,2001
Phillip,Austin,paustin85@reddit.com,2012
Judith,Snyder,jsnyder86@deliciousdays.com,2004
Jessica,Foster,jfoster87@mayoclinic.com,2005
Paul,Washington,pwashington88@google.fr,1995
Scott,Jackson,sjackson89@washington.edu,1998
Sean,Clark,sclark8a@hatena.ne.jp,1995
Beverly,Bishop,bbishop8b@taobao.com,2008
Sandra,Henderson,shenderson8c@taobao.com,2010
Henry,Henry,hhenry8d@cbsnews.com,2011
Johnny,Griffin,jgriffin8e@vkontakte.ru,2000
William,Ortiz,wortiz8f@facebook.com,2006
Bonnie,Moore,bmoore8g@ftc.gov,2011
Douglas,Simpson,dsimpson8h@networkadvertising.org,1999
Timothy,Torres,ttorres8i@webmd.com,2008
Patrick,Jones,pjones8j@umich.edu,2002
Jack,Jenkins,jjenkins8k@qq.com,2005
Harold,Hamilton,hhamilton8l@businessweek.com,1997
Edward,Tucker,etucker8m@harvard.edu,2007
Alice,Riley,ariley8n@illinois.edu,2008
Todd,Matthews,tmatthews8o@home.pl,2007
Julia,Bowman,jbowman8p@so-net.ne.jp,2001
Lois,Moreno,lmoreno8q@theguardian.com,2001
George,Robertson,grobertson8r@dropbox.com,2011
Bonnie,Porter,bporter8s@artisteer.com,2005
Juan,Freeman,jfreeman8t@tamu.edu,2009
Howard,Baker,hbaker8u@omniture.com,2000
Scott,Bailey,sbailey8v@hubpages.com,2006
Gary,Gomez,ggomez8w@un.org,1997
Shirley,Mitchell,smitchell8x@yolasite.com,1999
Anthony,Brooks,abrooks8y@bandcamp.com,2003
Dennis,Washington,dwashington8z@about.com,1996
Joan,Ellis,jellis90@mapy.cz,2012
John,Carter,jcarter91@sun.com,2004
Matthew,Dean,mdean92@nationalgeographic.com,2008
Terry,Bailey,tbailey93@technorati.com,1999
Clarence,Watkins,cwatkins94@spiegel.de,2008
Denise,Cooper,dcooper95@dion.ne.jp,2008
Jason,Howard,jhoward96@friendfeed.com,2009
Raymond,Dean,rdean97@biglobe.ne.jp,2003
Pamela,Rodriguez,prodriguez98@cyberchimps.com,2006
Lori,Ferguson,lferguson99@mayoclinic.com,2001
Marie,Evans,mevans9a@wix.com,1998
Ann,Robinson,arobinson9b@businessinsider.com,2006
Diana,Crawford,dcrawford9c@europa.eu,2001
Bobby,Barnes,bbarnes9d@gov.uk,1998
Laura,Lawrence,llawrence9e@gnu.org,1997
Brandon,Collins,bcollins9f@rediff.com,2002
Juan,Cunningham,jcunningham9g@msn.com,2001
Christina,Perez,cperez9h@addthis.com,2002
Diana,Wilson,dwilson9i@twitpic.com,1999
Stephanie,Lynch,slynch9j@dyndns.org,2000
Kenneth,Thomas,kthomas9k@microsoft.com,2007
Judith,Warren,jwarren9l@berkeley.edu,2012
Brandon,Lopez,blopez9m@ft.com,1999
Christine,Wheeler,cwheeler9n@xinhuanet.com,1997
Tina,Dixon,tdixon9o@techcrunch.com,2010
Kevin,Spencer,kspencer9p@usatoday.com,2003
Chris,Berry,cberry9q@cam.ac.uk,1998
Paula,Thomas,pthomas9r@jigsy.com,2012
Jennifer,Hawkins,jhawkins9s@uiuc.edu,1997
Kathy,Wagner,kwagner9t@cocolog-nifty.com,2005
James,Robertson,jrobertson9u@msn.com,2001
Melissa,Duncan,mduncan9v@utexas.edu,2009
Adam,Woods,awoods9w@uiuc.edu,2006
Carl,Parker,cparker9x@storify.com,1995
Melissa,Washington,mwashington9y@shutterfly.com,2010
Debra,Hayes,dhayes9z@washingtonpost.com,1996
Todd,Moreno,tmorenoa0@ca.gov,2011
Randy,Robertson,rrobertsona1@e-recht24.de,2005
Sean,Richardson,srichardsona2@cocolog-nifty.com,2009
Keith,Johnston,kjohnstona3@theguardian.com,2002
Jessica,Richardson,jrichardsona4@narod.ru,2002
Charles,Williams,cwilliamsa5@jigsy.com,2012
Benjamin,Nichols,bnicholsa6@i2i.jp,2007
Ralph,Palmer,rpalmera7@liveinternet.ru,1997
Lawrence,Carter,lcartera8@dell.com,2010
Heather,Russell,hrussella9@about.com,2001
Johnny,Wallace,jwallaceaa@ifeng.com,1998
Jane,Cunningham,jcunninghamab@amazonaws.com,2012
Amanda,Rodriguez,arodriguezac@goo.ne.jp,1999
Lori,Bell,lbellad@nasa.gov,2005
Roy,Brown,rbrownae@timesonline.co.uk,2006
Joshua,Johnson,jjohnsonaf@rediff.com,2000
Anna,Mcdonald,amcdonaldag@nba.com,2001
Catherine,Williams,cwilliamsah@cdbaby.com,2003
Lisa,Powell,lpowellai@apache.org,2001
Ashley,Nelson,anelsonaj@youtube.com,2010
Diane,Williams,dwilliamsak@symantec.com,1998
Martha,Taylor,mtayloral@webeden.co.uk,2000
Raymond,Butler,rbutleram@instagram.com,2011
Paula,Davis,pdavisan@hostgator.com,2012
Annie,Bradley,abradleyao@upenn.edu,2004
Randy,Richardson,rrichardsonap@exblog.jp,2010
Debra,Cooper,dcooperaq@goo.gl,2009
Terry,Owens,towensar@mozilla.com,2012
Susan,Lawrence,slawrenceas@youtu.be,2006
Carolyn,Nguyen,cnguyenat@ihg.com,2007
Steven,Crawford,scrawfordau@exblog.jp,2006
Richard,Grant,rgrantav@cam.ac.uk,2010
Anthony,Vasquez,avasquezaw@usnews.com,2003
Alan,Webb,awebbax@adobe.com,2003
Cheryl,Bryant,cbryantay@bizjournals.com,1995
Tammy,Meyer,tmeyeraz@businessweek.com,1999
Ryan,Jones,rjonesb0@ihg.com,2004
Joyce,Bowman,jbowmanb1@columbia.edu,1996
Tina,Meyer,tmeyerb2@elegantthemes.com,1997
Richard,Evans,revansb3@apache.org,2010
Billy,Foster,bfosterb4@a8.net,2001
Carol,Bryant,cbryantb5@mozilla.com,1997
Paul,Cox,pcoxb6@cargocollective.com,2006
Harry,Hayes,hhayesb7@yolasite.com,1998
Melissa,Olson,molsonb8@clickbank.net,2003
Sean,Carpenter,scarpenterb9@yahoo.co.jp,2009
Rebecca,Fox,rfoxba@whitehouse.gov,1997
Rebecca,Mason,rmasonbb@geocities.com,1995
Nicole,Daniels,ndanielsbc@hud.gov,1996
Susan,Ferguson,sfergusonbd@cnn.com,1995
Janice,Henderson,jhendersonbe@toplist.cz,2006
Melissa,Little,mlittlebf@examiner.com,2011
Larry,Lane,llanebg@foxnews.com,1999
Robert,Reed,rreedbh@bizjournals.com,2006
Diana,Griffin,dgriffinbi@gnu.org,1999
Helen,Wood,hwoodbj@google.es,2004
Judy,Freeman,jfreemanbk@4shared.com,1996
Gary,Bishop,gbishopbl@netlog.com,2007
Debra,Richardson,drichardsonbm@odnoklassniki.ru,2001
Nancy,Simpson,nsimpsonbn@rambler.ru,2005
Mark,Flores,mfloresbo@wiley.com,2009
Irene,Ferguson,ifergusonbp@sfgate.com,2000
Cheryl,Bell,cbellbq@miitbeian.gov.cn,2011
Beverly,Kelley,bkelleybr@hugedomains.com,2007
Doris,Wilson,dwilsonbs@squidoo.com,1997
David,Roberts,drobertsbt@mayoclinic.com,2001
Laura,Adams,ladamsbu@cmu.edu,1995
Donna,Shaw,dshawbv@ucoz.ru,2006
Angela,Ferguson,afergusonbw@theguardian.com,2004
Craig,Ferguson,cfergusonbx@barnesandnoble.com,1996
Kevin,Robertson,krobertsonby@alibaba.com,2004
Peter,George,pgeorgebz@yellowpages.com,2012
Michelle,Garrett,mgarrettc0@smh.com.au,1996
Elizabeth,Elliott,eelliottc1@domainmarket.com,2008
Dorothy,Brooks,dbrooksc2@youtube.com,2002
Robin,Wagner,rwagnerc3@newsvine.com,1998
Teresa,Gonzales,tgonzalesc4@canalblog.com,2012
Fred,Turner,fturnerc5@china.com.cn,2012
Betty,Ellis,bellisc6@blogs.com,1995
Steven,Collins,scollinsc7@typepad.com,2004
Robert,Wood,rwoodc8@gmpg.org,2002
Ruby,Bailey,rbaileyc9@simplemachines.org,1996
Harold,Morgan,hmorganca@pbs.org,1995
Evelyn,Foster,efostercb@forbes.com,2005
Louise,Crawford,lcrawfordcc@toplist.cz,2010
Beverly,Wright,bwrightcd@sina.com.cn,2008
Kathryn,Payne,kpaynece@printfriendly.com,2008
Jacqueline,Wood,jwoodcf@lycos.com,1998
Judith,Gilbert,jgilbertcg@cloudflare.com,2012
Todd,Stanley,tstanleych@wikia.com,2005
Joseph,Long,jlongci@so-net.ne.jp,2008
Anne,Brooks,abrookscj@1688.com,2008
Amy,Nichols,anicholsck@myspace.com,2004
Sean,Walker,swalkercl@businesswire.com,2004
Marilyn,Reed,mreedcm@privacy.gov.au,1997
Robin,Boyd,rboydcn@cocolog-nifty.com,1995
Clarence,Jacobs,cjacobsco@imgur.com,2003
Joan,King,jkingcp@whitehouse.gov,2009
Paul,Jordan,pjordancq@drupal.org,2011
Bruce,Richardson,brichardsoncr@alexa.com,2003
Margaret,Fields,mfieldscs@japanpost.jp,2005
Susan,Jordan,sjordanct@friendfeed.com,2011
Gregory,Baker,gbakercu@phoca.cz,2012
Denise,Owens,dowenscv@craigslist.org,2001
Terry,Hunt,thuntcw@slate.com,2001
Carlos,Jackson,cjacksoncx@artisteer.com,2008
Tina,Holmes,tholmescy@phoca.cz,1997
Evelyn,Anderson,eandersoncz@sourceforge.net,1997
Betty,Day,bdayd0@stumbleupon.com,2006
Nancy,Little,nlittled1@princeton.edu,2012
Samuel,Scott,sscottd2@bravesites.com,1996
Todd,Cole,tcoled3@webeden.co.uk,2005
Philip,Harris,pharrisd4@shop-pro.jp,2002
Rebecca,Vasquez,rvasquezd5@sitemeter.com,2002
Frances,Kim,fkimd6@blogtalkradio.com,1996
Janice,Jones,jjonesd7@rambler.ru,2004
Louis,Reed,lreedd8@technorati.com,2001
Charles,Dean,cdeand9@wordpress.com,2011
Ralph,Green,rgreenda@ycombinator.com,2003
Wayne,Richardson,wrichardsondb@oaic.gov.au,2008
Christopher,Peterson,cpetersondc@cnbc.com,2009
Christine,Hart,chartdd@fda.gov,1998
Patricia,Vasquez,pvasquezde@bravesites.com,2002
Gloria,Henry,ghenrydf@illinois.edu,1995
Michelle,Fields,mfieldsdg@delicious.com,2009
Ashley,Chapman,achapmandh@youtube.com,2003
Brian,Murray,bmurraydi@list-manage.com,1997
Janice,West,jwestdj@blogs.com,1995
Alice,Berry,aberrydk@twitpic.com,1999
Stephen,Foster,sfosterdl@biblegateway.com,2010
Howard,Gilbert,hgilbertdm@domainmarket.com,1998
Christine,Burke,cburkedn@bing.com,2000
Kathryn,Gibson,kgibsondo@4shared.com,2006
Phillip,Cole,pcoledp@is.gd,1998
Nicholas,Clark,nclarkdq@pen.io,1998
Harold,Richards,hrichardsdr@accuweather.com,2003
Stephanie,Franklin,sfranklinds@bbb.org,2006
Russell,Fox,rfoxdt@devhub.com,1995
Louis,Hayes,lhayesdu@fda.gov,2006
Deborah,Coleman,dcolemandv@storify.com,1998
Billy,Lee,bleedw@businesswire.com,2006
Gerald,Grant,ggrantdx@xinhuanet.com,2012
Kenneth,Kim,kkimdy@arstechnica.com,2001
Bonnie,Cunningham,bcunninghamdz@patch.com,2008
Patrick,Wells,pwellse0@hatena.ne.jp,2009
Joshua,Rice,jricee1@hud.gov,2009
Gloria,Pierce,gpiercee2@go.com,2003
Sara,Alexander,salexandere3@msu.edu,2003
Todd,Kim,tkime4@wix.com,2007
Timothy,Ruiz,truize5@hugedomains.com,2000
Andrea,Rice,aricee6@parallels.com,2005
Robin,Peterson,rpetersone7@businesswire.com,2006
Ashley,Carter,acartere8@sina.com.cn,2008
Jennifer,Hudson,jhudsone9@canalblog.com,1997
Todd,Ortiz,tortizea@apache.org,2001
Raymond,Myers,rmyerseb@theglobeandmail.com,2011
Emily,Castillo,ecastilloec@accuweather.com,2001
Phyllis,Tucker,ptuckered@bloomberg.com,1998
Ruby,Wells,rwellsee@sourceforge.net,1999
Kimberly,Rivera,kriveraef@chron.com,2007
Steve,Shaw,sshaweg@aboutads.info,2004
Gary,Snyder,gsnydereh@last.fm,2006
Jane,James,jjamesei@1688.com,2012
Pamela,Barnes,pbarnesej@imageshack.us,2010
Frances,Little,flittleek@1und1.de,2012
Jane,Howell,jhowellel@bluehost.com,2003
Teresa,Green,tgreenem@sbwire.com,2005
Theresa,Collins,tcollinsen@time.com,2007
Todd,Stewart,tstewarteo@tamu.edu,1997
Stephen,Flores,sfloresep@jugem.jp,1995
Jimmy,Gordon,jgordoneq@mail.ru,2003
Marie,Gutierrez,mgutierrezer@constantcontact.com,2011
Eric,Jackson,ejacksones@livejournal.com,1999
Evelyn,Watson,ewatsonet@icio.us,2007
Joshua,Ortiz,jortizeu@toplist.cz,2008
Scott,Bryant,sbryantev@slideshare.net,1995
Teresa,Thomas,tthomasew@cpanel.net,2002
Alan,Riley,arileyex@japanpost.jp,2004
Marilyn,Johnston,mjohnstoney@mac.com,1997
Carol,Kelly,ckellyez@nyu.edu,2002
Kathleen,Ward,kwardf0@nasa.gov,2011
Carol,Wells,cwellsf1@miibeian.gov.cn,1996
Amanda,Duncan,aduncanf2@meetup.com,2002
Lillian,Hunter,lhunterf3@zdnet.com,2003
Angela,Bowman,abowmanf4@nbcnews.com,2003
Kevin,Clark,kclarkf5@discovery.com,1997
Shawn,Ford,sfordf6@answers.com,2008
Stephanie,Ross,srossf7@blogger.com,2004
Antonio,Gonzalez,agonzalezf8@phoca.cz,1998
Norma,Ramos,nramosf9@smh.com.au,2009
Louis,Long,llongfa@mozilla.com,1998
Gary,Bailey,gbaileyfb@state.tx.us,2004
Peter,Rice,pricefc@nydailynews.com,2002
Todd,Castillo,tcastillofd@biglobe.ne.jp,2004
Terry,Watkins,twatkinsfe@wunderground.com,2004
Eric,Cox,ecoxff@discuz.net,2001
Teresa,Young,tyoungfg@cornell.edu,1995
Phyllis,Mendoza,pmendozafh@i2i.jp,1995
Elizabeth,Harrison,eharrisonfi@ihg.com,2008
Betty,Henry,bhenryfj@about.me,1998
Pamela,Roberts,probertsfk@washingtonpost.com,2010
Nicholas,Morrison,nmorrisonfl@bing.com,2000
Evelyn,Schmidt,eschmidtfm@skype.com,2005
Alan,Lewis,alewisfn@illinois.edu,2009
Annie,Warren,awarrenfo@illinois.edu,2007
Maria,Cook,mcookfp@jugem.jp,2002
Patricia,Carter,pcarterfq@tmall.com,2003
Catherine,Arnold,carnoldfr@aol.com,2007
Lawrence,Harvey,lharveyfs@ft.com,2002
Nicole,Vasquez,nvasquezft@cnn.com,1996
Jean,Pierce,jpiercefu@berkeley.edu,2003
Cynthia,Hamilton,chamiltonfv@gov.uk,2012
Kathy,Reid,kreidfw@webmd.com,2011
Jonathan,Thompson,jthompsonfx@csmonitor.com,2008
Daniel,Simmons,dsimmonsfy@comsenz.com,2009
Stephanie,Hamilton,shamiltonfz@joomla.org,2009
Emily,Johnston,ejohnstong0@alexa.com,2001
Sandra,Perkins,sperkinsg1@uiuc.edu,1999
Joe,Hart,jhartg2@umn.edu,1998
Joshua,Harris,jharrisg3@statcounter.com,2010
Joe,Jenkins,jjenkinsg4@printfriendly.com,2002
Cynthia,Fox,cfoxg5@qq.com,1995
Charles,Davis,cdavisg6@ihg.com,2003
Christina,Gilbert,cgilbertg7@google.com.br,2007
Andrea,Fisher,afisherg8@multiply.com,2009
Jacqueline,Dixon,jdixong9@hud.gov,1996
Ruth,Andrews,randrewsga@issuu.com,1996
Cynthia,Young,cyounggb@mlb.com,2008
Emily,Cunningham,ecunninghamgc@google.ru,2005
Timothy,Owens,towensgd@mail.ru,2007
Walter,Hunt,whuntge@flickr.com,2001
Kathleen,Brown,kbrowngf@unc.edu,2001
Teresa,Hayes,thayesgg@prlog.org,2007
Scott,Arnold,sarnoldgh@businessweek.com,1999
Christina,Rose,crosegi@mapquest.com,2009
Stephanie,Murphy,smurphygj@livejournal.com,2011
Raymond,Hicks,rhicksgk@psu.edu,2000
Marie,Collins,mcollinsgl@youtube.com,2007
Frank,Hawkins,fhawkinsgm@bbc.co.uk,1996
Jose,Harrison,jharrisongn@springer.com,2012
Patricia,Berry,pberrygo@about.com,1998
Roy,Wheeler,rwheelergp@chron.com,1999
Lisa,Mendoza,lmendozagq@admin.ch,2001
Kelly,Welch,kwelchgr@upenn.edu,1998
Roger,Collins,rcollinsgs@nps.gov,2011
Doris,Stewart,dstewartgt@vinaora.com,2007
Gregory,Lawson,glawsongu@tamu.edu,2001
Annie,Hunt,ahuntgv@go.com,2010
Robert,Arnold,rarnoldgw@hud.gov,2007
Chris,Matthews,cmatthewsgx@hp.com,2004
David,Carr,dcarrgy@cnet.com,2008
Richard,Burke,rburkegz@ask.com,2005
Michelle,Gardner,mgardnerh0@spotify.com,2001
Willie,Russell,wrussellh1@tamu.edu,2005
Robert,Wood,rwoodh2@telegraph.co.uk,1998
Norma,Hawkins,nhawkinsh3@uol.com.br,1998
Deborah,Elliott,delliotth4@shop-pro.jp,2003
Benjamin,Bennett,bbennetth5@mozilla.com,2007
Judith,Powell,jpowellh6@webeden.co.uk,2001
Harold,Castillo,hcastilloh7@wufoo.com,2002
Lawrence,Morgan,lmorganh8@ox.ac.uk,2003
Dennis,Diaz,ddiazh9@amazonaws.com,2006
Susan,Crawford,scrawfordha@odnoklassniki.ru,2009
Tina,Cox,tcoxhb@about.com,1999
Johnny,Porter,jporterhc@reference.com,2004
Mildred,Fernandez,mfernandezhd@scientificamerican.com,2008
Juan,Hughes,jhugheshe@sakura.ne.jp,2007
Victor,Cruz,vcruzhf@dell.com,2007
Jesse,Johnston,jjohnstonhg@purevolume.com,1996
Brian,Reed,breedhh@sciencedirect.com,1997
Laura,Andrews,landrewshi@gravatar.com,2000
Matthew,Williams,mwilliamshj@e-recht24.de,2006
Lillian,Long,llonghk@discuz.net,1995
Sharon,Dean,sdeanhl@japanpost.jp,2008
Larry,Nichols,lnicholshm@mysql.com,2009
Ann,Anderson,aandersonhn@ihg.com,2010
Kevin,Jacobs,kjacobsho@ebay.co.uk,2011
Howard,Allen,hallenhp@kickstarter.com,2001
Ralph,Diaz,rdiazhq@alibaba.com,2008
Judy,Hunter,jhunterhr@ehow.com,2012
Patrick,Franklin,pfranklinhs@miibeian.gov.cn,2010
Laura,Hanson,lhansonht@webnode.com,2010
Jesse,Kennedy,jkennedyhu@wisc.edu,1999
Kevin,Reed,kreedhv@behance.net,2008
Walter,Ramos,wramoshw@cocolog-nifty.com,2009
Jack,Patterson,jpattersonhx@ted.com,2006
Willie,Watson,wwatsonhy@craigslist.org,2002
Melissa,Willis,mwillishz@scribd.com,1995
Theresa,Austin,taustini0@homestead.com,1998
Juan,Rice,jricei1@smugmug.com,1997
Joseph,Gibson,jgibsoni2@admin.ch,2004
Jean,Rose,jrosei3@youtube.com,2006
Gregory,Cole,gcolei4@e-recht24.de,1997
Pamela,Kelly,pkellyi5@hostgator.com,2008
Thomas,Montgomery,tmontgomeryi6@cargocollective.com,1996
Joshua,Bennett,jbennetti7@desdev.cn,2001
Ashley,Brooks,abrooksi8@zimbio.com,2002
Linda,Jones,ljonesi9@wikispaces.com,2000
Joshua,Hill,jhillia@devhub.com,1995
Thomas,Matthews,tmatthewsib@geocities.com,1997
Julia,Henry,jhenryic@hibu.com,2008
Helen,Richards,hrichardsid@ow.ly,2001
Mary,Lopez,mlopezie@lycos.com,2003
Kathleen,Williams,kwilliamsif@i2i.jp,2010
Carol,Morris,cmorrisig@php.net,1999
Walter,Duncan,wduncanih@so-net.ne.jp,2000
Carlos,Taylor,ctaylorii@edublogs.org,2005
Lori,Matthews,lmatthewsij@redcross.org,2011
Maria,Garza,mgarzaik@senate.gov,2012
Scott,Bowman,sbowmanil@cam.ac.uk,2009
Justin,Jones,jjonesim@earthlink.net,2004
Michael,Turner,mturnerin@discovery.com,2004
Harry,Kennedy,hkennedyio@ezinearticles.com,2001
Joseph,Perry,jperryip@blogs.com,2002
Christina,Cook,ccookiq@theguardian.com,2003
Howard,Sanders,hsandersir@artisteer.com,2004
Bruce,Evans,bevansis@stumbleupon.com,1998
Julia,Campbell,jcampbellit@usa.gov,2008
Larry,Snyder,lsnyderiu@blinklist.com,2005
Kevin,Armstrong,karmstrongiv@theatlantic.com,2007
Amy,Allen,aalleniw@earthlink.net,2011
Nancy,Sullivan,nsullivanix@mediafire.com,1998
Heather,Mccoy,hmccoyiy@tiny.cc,1995
Sandra,Palmer,spalmeriz@japanpost.jp,2010
Nicole,White,nwhitej0@mapquest.com,2000
George,Jordan,gjordanj1@wired.com,1996
Phyllis,Edwards,pedwardsj2@google.de,1995
Clarence,Clark,cclarkj3@utexas.edu,2003
Brenda,Stone,bstonej4@imageshack.us,2010
Joyce,Fields,jfieldsj5@so-net.ne.jp,1997
Helen,Jenkins,hjenkinsj6@shinystat.com,2003
Anna,Tucker,atuckerj7@live.com,2008
Shawn,Diaz,sdiazj8@prlog.org,1995
Brandon,Hernandez,bhernandezj9@so-net.ne.jp,2008
Denise,Griffin,dgriffinja@macromedia.com,1999
Ruby,Edwards,redwardsjb@bandcamp.com,1995
Ruth,Alexander,ralexanderjc@rambler.ru,2005
Cynthia,Perry,cperryjd@nih.gov,2003
Louis,Chavez,lchavezje@reference.com,2009
Anne,Owens,aowensjf@twitpic.com,2009
Lillian,Alexander,lalexanderjg@usatoday.com,2005
Cynthia,Holmes,cholmesjh@huffingtonpost.com,2004
Carlos,Alexander,calexanderji@bbc.co.uk,2006
Jeremy,Powell,jpowelljj@craigslist.org,2012
Fred,Hicks,fhicksjk@diigo.com,1998
Sarah,Tucker,stuckerjl@berkeley.edu,2008
Christine,Willis,cwillisjm@ucsd.edu,1996
Douglas,Hicks,dhicksjn@yandex.ru,2008
Philip,Webb,pwebbjo@webeden.co.uk,2010
Marilyn,Chapman,mchapmanjp@ftc.gov,2008
Judith,Torres,jtorresjq@dropbox.com,2006
Fred,White,fwhitejr@ox.ac.uk,2012
Nancy,Bailey,nbaileyjs@goodreads.com,2011
Mildred,Thomas,mthomasjt@ftc.gov,1997
Patrick,Henry,phenryju@auda.org.au,2008
Christine,Banks,cbanksjv@china.com.cn,1995
Annie,Barnes,abarnesjw@cargocollective.com,1997
Nicholas,Rice,nricejx@bizjournals.com,2010
Nicholas,Payne,npaynejy@imdb.com,2010
John,Watkins,jwatkinsjz@intel.com,2007
Joe,Chapman,jchapmank0@de.vu,1999
James,Montgomery,jmontgomeryk1@youtube.com,2008
Rachel,Stanley,rstanleyk2@prweb.com,1997
Lori,Kennedy,lkennedyk3@ucsd.edu,2003
Rebecca,Peters,rpetersk4@github.io,2003
Samuel,Sims,ssimsk5@360.cn,2002
Joseph,Roberts,jrobertsk6@blog.com,1999
Lawrence,Sims,lsimsk7@samsung.com,2007
Margaret,Reyes,mreyesk8@guardian.co.uk,2007
Elizabeth,Palmer,epalmerk9@tripadvisor.com,2011
Deborah,Sanders,dsanderska@opensource.org,2008
Wayne,Johnston,wjohnstonkb@prweb.com,1995
Sean,Dean,sdeankc@addtoany.com,2009
Joseph,Bennett,jbennettkd@dyndns.org,2003
Doris,Lopez,dlopezke@forbes.com,2009
William,Gonzalez,wgonzalezkf@cnbc.com,2002
Wanda,Boyd,wboydkg@jiathis.com,2009
Denise,Carter,dcarterkh@nymag.com,2011
James,Richardson,jrichardsonki@auda.org.au,2000
Douglas,Adams,dadamskj@a8.net,2006
Deborah,Kim,dkimkk@weather.com,2008
Kenneth,Greene,kgreenekl@reverbnation.com,2009
Irene,Taylor,itaylorkm@europa.eu,2000
Norma,Garrett,ngarrettkn@wordpress.com,2009
Ashley,Gilbert,agilbertko@histats.com,2007
Christopher,Gilbert,cgilbertkp@cmu.edu,1998
Joshua,Hansen,jhansenkq@tamu.edu,1998
Carl,Jenkins,cjenkinskr@furl.net,2004
Brenda,Bishop,bbishopks@weibo.com,1998
Karen,Perry,kperrykt@clickbank.net,2006
Jacqueline,Brown,jbrownku@samsung.com,2007
Earl,Bowman,ebowmankv@shareasale.com,2002
Michelle,West,mwestkw@fc2.com,2006
Jane,Dixon,jdixonkx@w3.org,2005
Margaret,Bennett,mbennettky@narod.ru,1997
Mary,Parker,mparkerkz@netlog.com,2003
Michael,Johnston,mjohnstonl0@newsvine.com,2002
Evelyn,Young,eyoungl1@microsoft.com,2009
Melissa,Harrison,mharrisonl2@umich.edu,2001
Harold,Ramos,hramosl3@biblegateway.com,1995
Victor,Edwards,vedwardsl4@cpanel.net,2012
Joseph,Diaz,jdiazl5@360.cn,1995
Jimmy,Davis,jdavisl6@unicef.org,1995
Tammy,Knight,tknightl7@weibo.com,1995
Doris,Jackson,djacksonl8@cam.ac.uk,2002
Andrea,Spencer,aspencerl9@techcrunch.com,2000
Steve,Perry,sperryla@harvard.edu,1999
Christina,Lewis,clewislb@posterous.com,2011
Earl,Morrison,emorrisonlc@princeton.edu,1996
Joe,Lawson,jlawsonld@amazonaws.com,2001
Keith,Greene,kgreenele@rambler.ru,1997
Sara,Stewart,sstewartlf@4shared.com,2002
Jimmy,Ryan,jryanlg@nationalgeographic.com,2012
Susan,Sanchez,ssanchezlh@opera.com,1995
Laura,Cooper,lcooperli@cloudflare.com,2010
Stephanie,Roberts,srobertslj@reverbnation.com,2002
Jane,Murray,jmurraylk@usnews.com,1995
Todd,Cruz,tcruzll@java.com,1998
Carlos,Hall,challlm@jugem.jp,2011
Juan,Armstrong,jarmstrongln@amazon.co.jp,1999
Helen,Shaw,hshawlo@51.la,1997
Joan,Gutierrez,jgutierrezlp@facebook.com,2009
Kathy,Kelly,kkellylq@posterous.com,2010
Debra,James,djameslr@noaa.gov,1995
Kathryn,Spencer,kspencerls@vkontakte.ru,2004
Joe,Owens,jowenslt@netscape.com,2004
Linda,Little,llittlelu@jiathis.com,2004
Helen,Howard,hhowardlv@edublogs.org,1997
Raymond,Medina,rmedinalw@netlog.com,2004
Mary,Ryan,mryanlx@webnode.com,2009
Randy,Hill,rhillly@free.fr,2012
Bruce,Roberts,brobertslz@google.cn,1995
Willie,Hunt,whuntm0@dion.ne.jp,1995
Nicholas,Fernandez,nfernandezm1@cyberchimps.com,2001
Eric,James,ejamesm2@hud.gov,2009
Phyllis,Welch,pwelchm3@ifeng.com,1999
William,Austin,waustinm4@sogou.com,1996
Lori,Day,ldaym5@bravesites.com,1995
Thomas,Garcia,tgarciam6@who.int,2011
Raymond,Franklin,rfranklinm7@meetup.com,2005
Harry,Davis,hdavism8@1und1.de,2005
Craig,Banks,cbanksm9@google.co.uk,2006
Phillip,Harvey,pharveyma@addtoany.com,1996
Scott,Payne,spaynemb@nba.com,2000
Jack,Taylor,jtaylormc@ehow.com,2004
Jeremy,Hanson,jhansonmd@purevolume.com,1995
Robert,Alexander,ralexanderme@desdev.cn,2010
Adam,Ross,arossmf@seattletimes.com,2000
Cheryl,Warren,cwarrenmg@wordpress.com,2001
Andrea,Franklin,afranklinmh@engadget.com,1995
Wayne,Wells,wwellsmi@icio.us,2011
Sara,Smith,ssmithmj@yahoo.com,2009
Mark,Carpenter,mcarpentermk@fda.gov,2011
Harry,Perez,hperezml@independent.co.uk,2001
David,Gutierrez,dgutierrezmm@foxnews.com,1995
Norma,Kim,nkimmn@nbcnews.com,2009
Nancy,Thomas,nthomasmo@utexas.edu,1997
John,Harvey,jharveymp@economist.com,2002
Aaron,Medina,amedinamq@weebly.com,2008
Chris,Cunningham,ccunninghammr@odnoklassniki.ru,2004
Mark,Richardson,mrichardsonms@phpbb.com,2002
Jean,Brooks,jbrooksmt@apache.org,2012
Harold,Snyder,hsnydermu@virginia.edu,1996
Joe,Ferguson,jfergusonmv@issuu.com,1999
Fred,Murphy,fmurphymw@theguardian.com,1997
Brian,Boyd,bboydmx@usgs.gov,2005
Randy,Johnston,rjohnstonmy@columbia.edu,2007
Daniel,Jordan,djordanmz@chron.com,1997
Irene,Martinez,imartinezn0@newsvine.com,1999
Doris,Kim,dkimn1@samsung.com,2012
Raymond,Thompson,rthompsonn2@theguardian.com,1998
Karen,Grant,kgrantn3@w3.org,2011
Amy,Payne,apaynen4@upenn.edu,2000
Alan,Ruiz,aruizn5@dailymotion.com,2001
Eric,Medina,emedinan6@1und1.de,2003
Anne,Smith,asmithn7@twitter.com,2003
Martin,Boyd,mboydn8@360.cn,2006
David,Fernandez,dfernandezn9@twitpic.com,1999
Robin,Nichols,rnicholsna@people.com.cn,2000
Steven,Cruz,scruznb@chicagotribune.com,2008
Aaron,Moreno,amorenonc@myspace.com,2000
Timothy,Rogers,trogersnd@github.io,1998
Bruce,Ruiz,bruizne@cam.ac.uk,2006
Ashley,Crawford,acrawfordnf@house.gov,2003
Rachel,Pierce,rpierceng@arizona.edu,2004
Sean,Armstrong,sarmstrongnh@marriott.com,2006
Harold,Stephens,hstephensni@tripod.com,1995
Eric,Fernandez,efernandeznj@spotify.com,2007
Deborah,Reynolds,dreynoldsnk@odnoklassniki.ru,2009
Angela,Torres,atorresnl@xinhuanet.com,2009
Harry,Carroll,hcarrollnm@netlog.com,1997
Andrea,Morales,amoralesnn@oracle.com,1997
Nicholas,Bailey,nbaileyno@mozilla.com,2001
Chris,Hunter,chunternp@gravatar.com,1998
Rachel,Reynolds,rreynoldsnq@360.cn,2011
Ronald,Jones,rjonesnr@nifty.com,2008
Gloria,Harper,gharperns@elegantthemes.com,2004
Justin,Franklin,jfranklinnt@alexa.com,2012
Mildred,Collins,mcollinsnu@businesswire.com,2000
Thomas,Hayes,thayesnv@hibu.com,2002
Sean,Burns,sburnsnw@example.com,2003
Anna,Bailey,abaileynx@ezinearticles.com,2000
Willie,Elliott,welliottny@instagram.com,2008
Virginia,Stephens,vstephensnz@princeton.edu,1996
Sean,Jacobs,sjacobso0@cdc.gov,2005
Fred,Woods,fwoodso1@weibo.com,2002
Carolyn,Adams,cadamso2@nymag.com,2001
Sandra,Hawkins,shawkinso3@pagesperso-orange.fr,2012
Ruth,Moreno,rmorenoo4@topsy.com,2002
Debra,Hanson,dhansono5@zimbio.com,1995
Ashley,George,ageorgeo6@nbcnews.com,2011
Jessica,Hart,jharto7@bing.com,2003
Scott,Rice,sriceo8@auda.org.au,2005
Shirley,Cunningham,scunninghamo9@tmall.com,2007
Dorothy,Anderson,dandersonoa@vimeo.com,2005
Timothy,Carter,tcarterob@blogspot.com,2004
Dennis,Tucker,dtuckeroc@xrea.com,2006
Sharon,Rogers,srogersod@mozilla.org,2012
Harold,Arnold,harnoldoe@tripadvisor.com,1995
Adam,Berry,aberryof@bizjournals.com,1995
Jeremy,Watson,jwatsonog@omniture.com,2001
Nancy,Carpenter,ncarpenteroh@topsy.com,2004
Larry,Nichols,lnicholsoi@telegraph.co.uk,1998
Teresa,Banks,tbanksoj@webs.com,1998
Patricia,Campbell,pcampbellok@imageshack.us,1995
Patricia,Richardson,prichardsonol@domainmarket.com,2001
Sara,Armstrong,sarmstrongom@independent.co.uk,1998
Joan,George,jgeorgeon@dailymotion.com,1999
Amanda,Perry,aperryoo@ucoz.com,1999
John,Garrett,jgarrettop@wiley.com,2005
Earl,Cook,ecookoq@vinaora.com,2007
Jason,Daniels,jdanielsor@cnbc.com,2010
Chris,George,cgeorgeos@meetup.com,1999
Gary,Russell,grussellot@mayoclinic.com,2012
Michelle,Hunt,mhuntou@nsw.gov.au,1996
Carol,Grant,cgrantov@jugem.jp,1997
Joshua,Larson,jlarsonow@soundcloud.com,1999
Amanda,George,ageorgeox@parallels.com,1999
Beverly,Carter,bcarteroy@exblog.jp,2008
Julia,Myers,jmyersoz@mapquest.com,1999
Bobby,Chapman,bchapmanp0@economist.com,2005
Carolyn,Ward,cwardp1@slideshare.net,2007
Ruth,Alexander,ralexanderp2@marriott.com,2011
Mary,Price,mpricep3@seesaa.net,1997
Robert,Kelly,rkellyp4@cnet.com,2001
Richard,Cooper,rcooperp5@tiny.cc,2010
Anna,Nelson,anelsonp6@sitemeter.com,2008
Joyce,Andrews,jandrewsp7@columbia.edu,1996
Jose,Porter,jporterp8@bbb.org,1996
Kevin,Mendoza,kmendozap9@cnn.com,2002
Joan,Wheeler,jwheelerpa@gizmodo.com,2010
Charles,Coleman,ccolemanpb@last.fm,2010
Janice,Arnold,jarnoldpc@tinyurl.com,1996
Ruth,George,rgeorgepd@twitpic.com,1995
Theresa,Spencer,tspencerpe@unblog.fr,2002
Janet,Wallace,jwallacepf@amazon.com,2003
Robert,Cook,rcookpg@prnewswire.com,1995
George,Garcia,ggarciaph@dagondesign.com,2008
Jean,Boyd,jboydpi@reddit.com,2001
Matthew,Baker,mbakerpj@alibaba.com,1999
Tina,Williams,twilliamspk@github.com,2005
Ann,Knight,aknightpl@google.es,2005
Ruby,Peters,rpeterspm@rakuten.co.jp,2010
Michael,Jackson,mjacksonpn@cam.ac.uk,1997
Antonio,Rodriguez,arodriguezpo@cbslocal.com,2009
Gerald,Dean,gdeanpp@bravesites.com,2006
Joan,Peters,jpeterspq@nature.com,1996
Harold,Moore,hmoorepr@marketwatch.com,2012
Lori,Hunt,lhuntps@nydailynews.com,2006
Juan,Owens,jowenspt@reuters.com,1995
Ernest,Jones,ejonespu@instagram.com,1997
Doris,Martin,dmartinpv@independent.co.uk,2006
Lawrence,Spencer,lspencerpw@livejournal.com,1996
Christine,Knight,cknightpx@networkadvertising.org,2010
Mary,Graham,mgrahampy@rediff.com,2008
Robin,Johnson,rjohnsonpz@patch.com,2001
Catherine,Cook,ccookq0@vimeo.com,2011
Janet,Lawrence,jlawrenceq1@oracle.com,1999
Fred,Banks,fbanksq2@wiley.com,2007
Andrew,Burton,aburtonq3@princeton.edu,2011
Julie,Bell,jbellq4@rakuten.co.jp,2002
Frances,Robertson,frobertsonq5@icq.com,1996
Amanda,Howard,ahowardq6@bluehost.com,2000
Julie,Thompson,jthompsonq7@nih.gov,2010
Lori,Ross,lrossq8@soup.io,2005
Anna,Montgomery,amontgomeryq9@va.gov,2011
Alice,Oliver,aoliverqa@tripadvisor.com,2002
Christopher,Ramirez,cramirezqb@timesonline.co.uk,2012
Bruce,Fox,bfoxqc@cnn.com,1997
Douglas,Carroll,dcarrollqd@nih.gov,2004
Roy,Dean,rdeanqe@samsung.com,1996
Mark,Vasquez,mvasquezqf@acquirethisname.com,2012
Michael,Thompson,mthompsonqg@seesaa.net,2003
Jean,Stephens,jstephensqh@salon.com,2002
Norma,Watkins,nwatkinsqi@earthlink.net,2001
Doris,Simmons,dsimmonsqj@nba.com,2001
Maria,Nelson,mnelsonqk@livejournal.com,2004
Peter,Little,plittleql@twitter.com,2002
Jose,Thomas,jthomasqm@princeton.edu,2010
Shawn,Robinson,srobinsonqn@sina.com.cn,2004
Heather,Little,hlittleqo@hibu.com,2007
Sandra,Warren,swarrenqp@yolasite.com,1995
Andrea,Kim,akimqq@linkedin.com,2012
Gloria,Scott,gscottqr@nytimes.com,2001
Ronald,Morales,rmoralesqs@1und1.de,2006
Debra,Russell,drussellqt@blogspot.com,1998
Lori,Walker,lwalkerqu@guardian.co.uk,2011
Phillip,Morris,pmorrisqv@usa.gov,2011
Susan,Fowler,sfowlerqw@howstuffworks.com,2012
Jean,Campbell,jcampbellqx@opera.com,1998
Shawn,Jacobs,sjacobsqy@cargocollective.com,2003
Doris,Harris,dharrisqz@example.com,2004
Heather,Jones,hjonesr0@soup.io,2009
Katherine,Dean,kdeanr1@dailymotion.com,2001
Angela,Harvey,aharveyr2@washington.edu,2011
Shirley,George,sgeorger3@wix.com,2010
Wanda,Woods,wwoodsr4@soup.io,2000
Jacqueline,Patterson,jpattersonr5@foxnews.com,1999
Andrea,Howell,ahowellr6@virginia.edu,2006
Roger,Larson,rlarsonr7@china.com.cn,2004
Sarah,Burke,sburker8@github.com,2011
Jacqueline,Griffin,jgriffinr9@chron.com,2003
Frances,Hayes,fhayesra@imgur.com,1999
Amanda,Peters,apetersrb@meetup.com,1995
Antonio,Crawford,acrawfordrc@baidu.com,1997
Randy,Wheeler,rwheelerrd@miitbeian.gov.cn,2012
Paula,Burton,pburtonre@joomla.org,2003
Scott,Bowman,sbowmanrf@vk.com,2001
Jack,Butler,jbutlerrg@tinypic.com,2012
Juan,Fields,jfieldsrh@mysql.com,2002
Marie,Graham,mgrahamri@constantcontact.com,2012
Matthew,Bishop,mbishoprj@reference.com,1998
Gregory,Rose,groserk@soundcloud.com,1998
Marie,Alvarez,malvarezrl@hud.gov,2008
Jimmy,Harvey,jharveyrm@people.com.cn,2001
Jeffrey,Stanley,jstanleyrn@digg.com,1998
Randy,Ruiz,rruizro@columbia.edu,2001
Carl,Bowman,cbowmanrp@moonfruit.com,1997
Joshua,Nichols,jnicholsrq@mysql.com,2008
Nicholas,Scott,nscottrr@ocn.ne.jp,1996
